name,positiopnx, y , z, imaage , date
background2,1000 , 50 , 0 , static/images/backgrounds/background2.png,2026-01-01 17:27:59
background_jf,1000 , 50 , 0 , static/images/backgrounds/background_jf.png,2026-01-01 17:27:59
01_horse,1000 , 50 , 0 , static/images/beasts/01_horse.png,2026-01-01 17:27:59
02_cow,1000 , 50 , 0 , static/images/beasts/02_cow.png,2026-01-01 17:27:59
03_bird1,1000 , 50 , 0 , static/images/beasts/03_bird1.png,2026-01-01 17:27:59
04_bird2,1000 , 50 , 0 , static/images/beasts/04_bird2.png,2026-01-01 17:27:59
05_bird3,1000 , 50 , 0 , static/images/beasts/05_bird3.png,2026-01-01 17:27:59
06_bird4,1000 , 50 , 0 , static/images/beasts/06_bird4.png,2026-01-01 17:27:59
07_bird5,1000 , 50 , 0 , static/images/beasts/07_bird5.png,2026-01-01 17:27:59
08_bird6,1000 , 50 , 0 , static/images/beasts/08_bird6.png,2026-01-01 17:27:59
09_ram1,1000 , 50 , 0 , static/images/beasts/09_ram1.png,2026-01-01 17:27:59
10_otter,1000 , 50 , 0 , static/images/beasts/10_otter.png,2026-01-01 17:27:59
11_lion1,1000 , 50 , 0 , static/images/beasts/11_lion1.png,2026-01-01 17:27:59
12_beast1,1000 , 50 , 0 , static/images/beasts/12_beast1.png,2026-01-01 17:27:59
13_lion2,1000 , 50 , 0 , static/images/beasts/13_lion2.png,2026-01-01 17:27:59
14_dog1,1000 , 50 , 0 , static/images/beasts/14_dog1.png,2026-01-01 17:27:59
15_goat,1000 , 50 , 0 , static/images/beasts/15_goat.png,2026-01-01 17:27:59
16_dog2,1000 , 50 , 0 , static/images/beasts/16_dog2.png,2026-01-01 17:27:59
17_dog3,1000 , 50 , 0 , static/images/beasts/17_dog3.png,2026-01-01 17:27:59
18_dog4,1000 , 50 , 0 , static/images/beasts/18_dog4.png,2026-01-01 17:27:59
19_beast2,1000 , 50 , 0 , static/images/beasts/19_beast2.png,2026-01-01 17:27:59
20_dog5,1000 , 50 , 0 , static/images/beasts/20_dog5.png,2026-01-01 17:27:59
21_dogs,1000 , 50 , 0 , static/images/beasts/21_dogs.png,2026-01-01 17:27:59
22_lion3,1000 , 50 , 0 , static/images/beasts/22_lion3.png,2026-01-01 17:27:59
23_lamb,1000 , 50 , 0 , static/images/beasts/23_lamb.png,2026-01-01 17:27:59
24_donkey,1000 , 50 , 0 , static/images/beasts/24_donkey.png,2026-01-01 17:27:59
01_archer1,1000 , 50 , 0 , static/images/brave/01_archer1.png,2026-01-01 17:27:59
02_archer2,1000 , 50 , 0 , static/images/brave/02_archer2.png,2026-01-01 17:27:59
03_archer3,1000 , 50 , 0 , static/images/brave/03_archer3.png,2026-01-01 17:27:59
04_archer4,1000 , 50 , 0 , static/images/brave/04_archer4.png,2026-01-01 17:27:59
05_falling_hero,1000 , 50 , 0 , static/images/brave/05_falling_hero.png,2026-01-01 17:27:59
06_beheaded_warrior1,1000 , 50 , 0 , static/images/brave/06_beheaded_warrior1.png,2026-01-01 17:27:59
07_dead_warrior2,1000 , 50 , 0 , static/images/brave/07_dead_warrior2.png,2026-01-01 17:27:59
08_dead_warrior2,1000 , 50 , 0 , static/images/brave/08_dead_warrior2.png,2026-01-01 17:27:59
09_dead_warrior3,1000 , 50 , 0 , static/images/brave/09_dead_warrior3.png,2026-01-01 17:27:59
10_dead_warrior4,1000 , 50 , 0 , static/images/brave/10_dead_warrior4.png,2026-01-01 17:27:59
11_horseman_with_shield_and_lance,1000 , 50 , 0 , static/images/brave/11_horseman_with_shield_and_lance.png,2026-01-01 17:27:59
12_horsemen,1000 , 50 , 0 , static/images/brave/12_horsemen.png,2026-01-01 17:27:59
13_saluting_warrior,1000 , 50 , 0 , static/images/brave/13_saluting_warrior.png,2026-01-01 17:27:59
14_two_warriors,1000 , 50 , 0 , static/images/brave/14_two_warriors.png,2026-01-01 17:27:59
15_flag_carrying_warrior,1000 , 50 , 0 , static/images/brave/15_flag_carrying_warrior.png,2026-01-01 17:27:59
16_guy_in_shrubs,1000 , 50 , 0 , static/images/brave/16_guy_in_shrubs.png,2026-01-01 17:27:59
17_driver_on_horse,1000 , 50 , 0 , static/images/brave/17_driver_on_horse.png,2026-01-01 17:27:59
Odon,1000 , 50 , 0 , static/images/brave/Odon.png,2026-01-01 17:27:59
01_tower,1000 , 50 , 0 , static/images/buildings/01_tower.png,2026-01-01 17:27:59
02_tower2,1000 , 50 , 0 , static/images/buildings/02_tower2.png,2026-01-01 17:27:59
03_tower3,1000 , 50 , 0 , static/images/buildings/03_tower3.png,2026-01-01 17:27:59
04_tower4,1000 , 50 , 0 , static/images/buildings/04_tower4.png,2026-01-01 17:27:59
05_fort,1000 , 50 , 0 , static/images/buildings/05_fort.png,2026-01-01 17:27:59
06_castle_on_hill,1000 , 50 , 0 , static/images/buildings/06_castle_on_hill.png,2026-01-01 17:27:59
07_house,1000 , 50 , 0 , static/images/buildings/07_house.png,2026-01-01 17:27:59
08_archway,1000 , 50 , 0 , static/images/buildings/08_archway.png,2026-01-01 17:27:59
09_pillars,1000 , 50 , 0 , static/images/buildings/09_pillars.png,2026-01-01 17:27:59
10_pillar,1000 , 50 , 0 , static/images/buildings/10_pillar.png,2026-01-01 17:27:59
11_tower6,1000 , 50 , 0 , static/images/buildings/11_tower6.png,2026-01-01 17:27:59
12_tower5,1000 , 50 , 0 , static/images/buildings/12_tower5.png,2026-01-01 17:27:59
13_Arch,1000 , 50 , 0 , static/images/buildings/13_Arch.png,2026-01-01 17:27:59
05_gesturing_guy0,1000 , 50 , 0 , static/images/creer/05_gesturing_guy0.png,2026-01-01 17:27:59
16_dog2,1000 , 50 , 0 , static/images/creer/16_dog2.png,2026-01-01 17:27:59
17_dog3,1000 , 50 , 0 , static/images/creer/17_dog3.png,2026-01-01 17:27:59
18_dog4,1000 , 50 , 0 , static/images/creer/18_dog4.png,2026-01-01 17:27:59
basScene04,1000 , 50 , 0 , static/images/creer/basScene04.png,2026-01-01 17:27:59
bras,1000 , 50 , 0 , static/images/creer/bras.png,2026-01-01 17:27:59
bras0,1000 , 50 , 0 , static/images/creer/bras0.png,2026-01-01 17:27:59
bras2,1000 , 50 , 0 , static/images/creer/bras2.png,2026-01-01 17:27:59
bras3,1000 , 50 , 0 , static/images/creer/bras3.png,2026-01-01 17:27:59
dog0,1000 , 50 , 0 , static/images/creer/dog0.png,2026-01-01 17:27:59
odon2,1000 , 50 , 0 , static/images/creer/odon2.png,2026-01-01 17:27:59
odon3,1000 , 50 , 0 , static/images/creer/odon3.png,2026-01-01 17:27:59
python,1000 , 50 , 0 , static/images/creer/python.png,2026-01-01 17:27:59
01_group,1000 , 50 , 0 , static/images/folc/01_group.png,2026-01-01 17:27:59
02_staring-guys,1000 , 50 , 0 , static/images/folc/02_staring-guys.png,2026-01-01 17:27:59
03_shouting_guy,1000 , 50 , 0 , static/images/folc/03_shouting_guy.png,2026-01-01 17:27:59
04_pointing_guy,1000 , 50 , 0 , static/images/folc/04_pointing_guy.png,2026-01-01 17:27:59
05_gesturing_guy,1000 , 50 , 0 , static/images/folc/05_gesturing_guy.png,2026-01-01 17:27:59
06_megaphone_guy,1000 , 50 , 0 , static/images/folc/06_megaphone_guy.png,2026-01-01 17:27:59
07_guy_with_shield,1000 , 50 , 0 , static/images/folc/07_guy_with_shield.png,2026-01-01 17:27:59
08_woman1,1000 , 50 , 0 , static/images/folc/08_woman1.png,2026-01-01 17:27:59
09_cleric,1000 , 50 , 0 , static/images/folc/09_cleric.png,2026-01-01 17:27:59
10_carrying_guy,1000 , 50 , 0 , static/images/folc/10_carrying_guy.png,2026-01-01 17:27:59
11_guy_with_ring,1000 , 50 , 0 , static/images/folc/11_guy_with_ring.png,2026-01-01 17:27:59
12_guy_with_animal,1000 , 50 , 0 , static/images/folc/12_guy_with_animal.png,2026-01-01 17:27:59
13_boy_with_sheep,1000 , 50 , 0 , static/images/folc/13_boy_with_sheep.png,2026-01-01 17:27:59
14_guy_with_axe,1000 , 50 , 0 , static/images/folc/14_guy_with_axe.png,2026-01-01 17:27:59
15_pointing_guy,1000 , 50 , 0 , static/images/folc/15_pointing_guy.png,2026-01-01 17:27:59
16_fruitbasket_guy,1000 , 50 , 0 , static/images/folc/16_fruitbasket_guy.png,2026-01-01 17:27:59
17_king1,1000 , 50 , 0 , static/images/folc/17_king1.png,2026-01-01 17:27:59
18_king2,1000 , 50 , 0 , static/images/folc/18_king2.png,2026-01-01 17:27:59
19_king3,1000 , 50 , 0 , static/images/folc/19_king3.png,2026-01-01 17:27:59
20_benchguys,1000 , 50 , 0 , static/images/folc/20_benchguys.png,2026-01-01 17:27:59
21_fireguy,1000 , 50 , 0 , static/images/folc/21_fireguy.png,2026-01-01 17:27:59
22_woman_with_child,1000 , 50 , 0 , static/images/folc/22_woman_with_child.png,2026-01-01 17:27:59
23_guy_with_chickens,1000 , 50 , 0 , static/images/folc/23_guy_with_chickens.png,2026-01-01 17:27:59
24_shouting_guy,1000 , 50 , 0 , static/images/folc/24_shouting_guy.png,2026-01-01 17:27:59
25_Man_pointing,1000 , 50 , 0 , static/images/folc/25_Man_pointing.png,2026-01-01 17:27:59
26_Serf,1000 , 50 , 0 , static/images/folc/26_Serf.png,2026-01-01 17:27:59
27_SittingNoble01,1000 , 50 , 0 , static/images/folc/27_SittingNoble01.png,2026-01-01 17:27:59
28_SittingNoble02,1000 , 50 , 0 , static/images/folc/28_SittingNoble02.png,2026-01-01 17:27:59
29_SittingNoble03,1000 , 50 , 0 , static/images/folc/29_SittingNoble03.png,2026-01-01 17:27:59
01_tree,1000 , 50 , 0 , static/images/misc/01_tree.png,2026-01-01 17:27:59
02_tree,1000 , 50 , 0 , static/images/misc/02_tree.png,2026-01-01 17:27:59
03_tree,1000 , 50 , 0 , static/images/misc/03_tree.png,2026-01-01 17:27:59
04_tree,1000 , 50 , 0 , static/images/misc/04_tree.png,2026-01-01 17:27:59
05_tree,1000 , 50 , 0 , static/images/misc/05_tree.png,2026-01-01 17:27:59
06_boat,1000 , 50 , 0 , static/images/misc/06_boat.png,2026-01-01 17:27:59
07_boat,1000 , 50 , 0 , static/images/misc/07_boat.png,2026-01-01 17:27:59
07_boat_with_horses,1000 , 50 , 0 , static/images/misc/07_boat_with_horses.png,2026-01-01 17:27:59
08_boat,1000 , 50 , 0 , static/images/misc/08_boat.png,2026-01-01 17:27:59
09_shield,1000 , 50 , 0 , static/images/misc/09_shield.png,2026-01-01 17:27:59
10_shield,1000 , 50 , 0 , static/images/misc/10_shield.png,2026-01-01 17:27:59
11_shields,1000 , 50 , 0 , static/images/misc/11_shields.png,2026-01-01 17:27:59
12_tree1,1000 , 50 , 0 , static/images/misc/12_tree1.png,2026-01-01 17:27:59
13_tree,1000 , 50 , 0 , static/images/misc/13_tree.png,2026-01-01 17:27:59
14_guy_on_pole,1000 , 50 , 0 , static/images/misc/14_guy_on_pole.png,2026-01-01 17:27:59
15_halleys_comet,1000 , 50 , 0 , static/images/misc/15_halleys_comet.png,2026-01-01 17:27:59
16_sword,1000 , 50 , 0 , static/images/misc/16_sword.png,2026-01-01 17:27:59
17_sword_helmet,1000 , 50 , 0 , static/images/misc/17_sword_helmet.png,2026-01-01 17:27:59
18_Barbecue,1000 , 50 , 0 , static/images/misc/18_Barbecue.png,2026-01-01 17:27:59
Odo_bayeux_tapestry,1000 , 50 , 0 , static/images/tapisserie/Odo_bayeux_tapestry.png,2026-01-01 17:27:59
